{
    "recipes": [
        {
            "name": "Strawberry Mochi",
            "rating": 4.71,
            "ingredients": [
                {
                    "amount": 283.5,
                    "unit": "g",
                    "ingredient": "fresh strawberries",
                    "rating": 4.71,
                    "category": "Solids"
                },
                {
                    "amount": 210.0,
                    "unit": "g",
                    "ingredient": "mochiko flour",
                    "rating": 4.71,
                    "category": "Flour"
                },
                {
                    "amount": 210.0,
                    "unit": "g",
                    "ingredient": "sweet rice flour",
                    "rating": 4.71,
                    "category": "Flour"
                },
                {
                    "amount": 210.0,
                    "unit": "g",
                    "ingredient": "glutinous rice flour",
                    "rating": 4.71,
                    "category": "Flour"
                },
                {
                    "amount": 45.0,
                    "unit": "g",
                    "ingredient": "sugar of choice",
                    "rating": 4.71,
                    "category": "Sugar"
                },
                {
                    "amount": 52.5,
                    "unit": "g",
                    "ingredient": "cornstarch",
                    "rating": 4.71,
                    "category": "Flour"
                },
                {
                    "amount": 52.5,
                    "unit": "g",
                    "ingredient": "potato starch",
                    "rating": 4.71,
                    "category": "Flour"
                },
                {
                    "amount": 52.5,
                    "unit": "g",
                    "ingredient": "tapioca starch",
                    "rating": 4.71,
                    "category": "Flour"
                },
                {
                    "amount": 288.0,
                    "unit": "g",
                    "ingredient": "sweetened white bean paste",
                    "rating": 4.71,
                    "category": "Pastes"
                }
            ]
        },
        {
            "name": "Fresh Mango",
            "rating": 5.0,
            "ingredients": [
                {
                    "amount": 140.0,
                    "unit": "g",
                    "ingredient": "mochiko flour",
                    "rating": 5.0,
                    "category": "Flour"
                },
                {
                    "amount": 140.0,
                    "unit": "g",
                    "ingredient": "sweet rice flour",
                    "rating": 5.0,
                    "category": "Flour"
                },
                {
                    "amount": 140.0,
                    "unit": "g",
                    "ingredient": "glutinous rice flour",
                    "rating": 5.0,
                    "category": "Flour"
                },
                {
                    "amount": 240.0,
                    "unit": "g",
                    "ingredient": "ripened mango",
                    "rating": 5.0,
                    "category": "Solids"
                },
                {
                    "amount": 320.0,
                    "unit": "g",
                    "ingredient": "pastry cream",
                    "rating": 5.0,
                    "category": "Pastes"
                },
                {
                    "amount": 320.0,
                    "unit": "g",
                    "ingredient": "vanilla pudding",
                    "rating": 5.0,
                    "category": "Pastes"
                },
                {
                    "amount": 320.0,
                    "unit": "g",
                    "ingredient": "ice cream of choice",
                    "rating": 5.0,
                    "category": "Pastes"
                }
            ]
        },
        {
            "name": "Applesauce Mochi",
            "rating": 4.37,
            "ingredients": [
                {
                    "amount": 377.99,
                    "unit": "g",
                    "ingredient": "unsweetened applesauce",
                    "rating": 4.37,
                    "category": "Bindings"
                },
                {
                    "amount": 280.0,
                    "unit": "g",
                    "ingredient": "mochiko flour",
                    "rating": 4.37,
                    "category": "Flour"
                },
                {
                    "amount": 280.0,
                    "unit": "g",
                    "ingredient": "sweet rice flour",
                    "rating": 4.37,
                    "category": "Flour"
                },
                {
                    "amount": 280.0,
                    "unit": "g",
                    "ingredient": "glutinous rice flour",
                    "rating": 4.37,
                    "category": "Flour"
                },
                {
                    "amount": 70.0,
                    "unit": "g",
                    "ingredient": "corn starch",
                    "rating": 4.37,
                    "category": "Flour"
                },
                {
                    "amount": 70.0,
                    "unit": "g",
                    "ingredient": "potato starch",
                    "rating": 4.37,
                    "category": "Flour"
                },
                {
                    "amount": 70.0,
                    "unit": "g",
                    "ingredient": "tapioca starch",
                    "rating": 4.37,
                    "category": "Flour"
                },
                {
                    "amount": 288.0,
                    "unit": "g",
                    "ingredient": "sweetened red bean paste",
                    "rating": 4.37,
                    "category": "Pastes"
                }
            ]
        },
        {
            "name": "Sweet Potato",
            "rating": 5.0,
            "ingredients": [
                {
                    "amount": 360.0,
                    "unit": "g",
                    "ingredient": "mashed sweet potato",
                    "rating": 5.0,
                    "category": "Solids"
                },
                {
                    "amount": 280.0,
                    "unit": "g",
                    "ingredient": "mochiko flour",
                    "rating": 5.0,
                    "category": "Flour"
                },
                {
                    "amount": 280.0,
                    "unit": "g",
                    "ingredient": "sweet rice flour",
                    "rating": 5.0,
                    "category": "Flour"
                },
                {
                    "amount": 280.0,
                    "unit": "g",
                    "ingredient": "glutinous rice flour",
                    "rating": 5.0,
                    "category": "Flour"
                },
                {
                    "amount": 133.33,
                    "unit": "ml",
                    "ingredient": "water",
                    "rating": 5.0,
                    "category": "Liquids"
                },
                {
                    "amount": 70.0,
                    "unit": "g",
                    "ingredient": "corn starch",
                    "rating": 5.0,
                    "category": "Flour"
                },
                {
                    "amount": 70.0,
                    "unit": "g",
                    "ingredient": "potato starch",
                    "rating": 5.0,
                    "category": "Flour"
                },
                {
                    "amount": 70.0,
                    "unit": "g",
                    "ingredient": "tapioca starch",
                    "rating": 5.0,
                    "category": "Flour"
                },
                {
                    "amount": 720.0,
                    "unit": "g",
                    "ingredient": "ice cream of choice",
                    "rating": 5.0,
                    "category": "Pastes"
                }
            ]
        },
        {
            "name": "Raspberry Chocolate",
            "rating": 5.0,
            "ingredients": [
                {
                    "amount": 140.0,
                    "unit": "g",
                    "ingredient": "mochiko flour",
                    "rating": 5.0,
                    "category": "Flour"
                },
                {
                    "amount": 140.0,
                    "unit": "g",
                    "ingredient": "sweet rice flour",
                    "rating": 5.0,
                    "category": "Flour"
                },
                {
                    "amount": 140.0,
                    "unit": "g",
                    "ingredient": "glutinous rice flour",
                    "rating": 5.0,
                    "category": "Flour"
                },
                {
                    "amount": 60.0,
                    "unit": "g",
                    "ingredient": "granulated sugar",
                    "rating": 5.0,
                    "category": "Sugar"
                },
                {
                    "amount": 240.0,
                    "unit": "g",
                    "ingredient": "frozen raspberries, thawed",
                    "rating": 5.0,
                    "category": "Solids"
                },
                {
                    "amount": 135.0,
                    "unit": "g",
                    "ingredient": "chocolate hazelnut spread of choice",
                    "rating": 5.0,
                    "category": "Butter"
                }
            ]
        },
        {
            "name": "Banana Chocolate",
            "rating": 3.67,
            "ingredients": [
                {
                    "amount": 240.0,
                    "unit": "g",
                    "ingredient": "mashed bananas",
                    "rating": 3.67,
                    "category": "Solids"
                },
                {
                    "amount": 140.0,
                    "unit": "g",
                    "ingredient": "mochiko flour",
                    "rating": 3.67,
                    "category": "Flour"
                },
                {
                    "amount": 140.0,
                    "unit": "g",
                    "ingredient": "sweet rice flour",
                    "rating": 3.67,
                    "category": "Flour"
                },
                {
                    "amount": 140.0,
                    "unit": "g",
                    "ingredient": "glutinous rice flour",
                    "rating": 3.67,
                    "category": "Flour"
                },
                {
                    "amount": 10.0,
                    "unit": "g",
                    "ingredient": "cocoa powder",
                    "rating": 3.67,
                    "category": "Powder"
                },
                {
                    "amount": 25.0,
                    "unit": "ml",
                    "ingredient": "water",
                    "rating": 3.67,
                    "category": "Liquids"
                },
                {
                    "amount": 300.0,
                    "unit": "g",
                    "ingredient": "sweetened white bean paste",
                    "rating": 3.67,
                    "category": "Pastes"
                },
                {
                    "amount": 80.0,
                    "unit": "g",
                    "ingredient": "fresh banana",
                    "rating": 3.67,
                    "category": "Solids"
                }
            ]
        },
        {
            "name": "Tofu",
            "rating": 4.56,
            "ingredients": [
                {
                    "amount": 250.0,
                    "unit": "g",
                    "ingredient": "mashed silken firm tofu",
                    "rating": 4.56,
                    "category": "Bindings"
                },
                {
                    "amount": 144.0,
                    "unit": "g",
                    "ingredient": "granulated sugar of choice",
                    "rating": 4.56,
                    "category": "Sugar"
                },
                {
                    "amount": 336.0,
                    "unit": "g",
                    "ingredient": "mochiko flour",
                    "rating": 4.56,
                    "category": "Flour"
                },
                {
                    "amount": 336.0,
                    "unit": "g",
                    "ingredient": "sweet rice flour",
                    "rating": 4.56,
                    "category": "Flour"
                },
                {
                    "amount": 336.0,
                    "unit": "g",
                    "ingredient": "glutinous rice flour",
                    "rating": 4.56,
                    "category": "Flour"
                },
                {
                    "amount": 84.0,
                    "unit": "g",
                    "ingredient": "corn starch",
                    "rating": 4.56,
                    "category": "Flour"
                },
                {
                    "amount": 84.0,
                    "unit": "g",
                    "ingredient": "potato starch",
                    "rating": 4.56,
                    "category": "Flour"
                },
                {
                    "amount": 84.0,
                    "unit": "g",
                    "ingredient": "tapioca starch",
                    "rating": 4.56,
                    "category": "Flour"
                },
                {
                    "amount": 400.0,
                    "unit": "g",
                    "ingredient": "sweetened adzuki beans",
                    "rating": 4.56,
                    "category": "Beans"
                }
            ]
        },
        {
            "name": "Pumpkin",
            "rating": 4.8,
            "ingredients": [
                {
                    "amount": 240.0,
                    "unit": "g",
                    "ingredient": "packed pumpkin puree",
                    "rating": 4.8,
                    "category": "Bindings"
                },
                {
                    "amount": 168.0,
                    "unit": "g",
                    "ingredient": "mochiko flour",
                    "rating": 4.8,
                    "category": "Flour"
                },
                {
                    "amount": 168.0,
                    "unit": "g",
                    "ingredient": "sweet rice flour",
                    "rating": 4.8,
                    "category": "Flour"
                },
                {
                    "amount": 168.0,
                    "unit": "g",
                    "ingredient": "glutinous rice flour",
                    "rating": 4.8,
                    "category": "Flour"
                },
                {
                    "amount": 42.0,
                    "unit": "g",
                    "ingredient": "cornstarch",
                    "rating": 4.8,
                    "category": "Flour"
                },
                {
                    "amount": 42.0,
                    "unit": "g",
                    "ingredient": "potato starch",
                    "rating": 4.8,
                    "category": "Flour"
                },
                {
                    "amount": 42.0,
                    "unit": "g",
                    "ingredient": "tapioca starch",
                    "rating": 4.8,
                    "category": "Flour"
                },
                {
                    "amount": 30.0,
                    "unit": "g",
                    "ingredient": "pumpkin puree",
                    "rating": 4.8,
                    "category": "Bindings"
                },
                {
                    "amount": 4.0,
                    "unit": "g",
                    "ingredient": "pumpkin pie spice",
                    "rating": 4.8,
                    "category": "Powder"
                },
                {
                    "amount": 300.0,
                    "unit": "g",
                    "ingredient": "sweetened white bean paste",
                    "rating": 4.8,
                    "category": "Pastes"
                }
            ]
        },
        {
            "name": "Savory Sweet Corn Mochi",
            "rating": 4.0,
            "ingredients": [
                {
                    "amount": 354.37,
                    "unit": "g",
                    "ingredient": "sweet corn kernels",
                    "rating": 4.0,
                    "category": "Solids"
                },
                {
                    "amount": 25.0,
                    "unit": "ml",
                    "ingredient": "water",
                    "rating": 4.0,
                    "category": "Liquids"
                },
                {
                    "amount": 140.0,
                    "unit": "g",
                    "ingredient": "mochiko flour",
                    "rating": 4.0,
                    "category": "Flour"
                },
                {
                    "amount": 140.0,
                    "unit": "g",
                    "ingredient": "sweet rice flour",
                    "rating": 4.0,
                    "category": "Flour"
                },
                {
                    "amount": 140.0,
                    "unit": "g",
                    "ingredient": "glutinous rice flour",
                    "rating": 4.0,
                    "category": "Flour"
                },
                {
                    "amount": 45.0,
                    "unit": "g",
                    "ingredient": "granulated sugar",
                    "rating": 4.0,
                    "category": "Sugar"
                },
                {
                    "amount": 180.0,
                    "unit": "g",
                    "ingredient": "cream cheese of choice",
                    "rating": 4.0,
                    "category": "Pastes"
                }
            ]
        },
        {
            "name": "Pistachio Butter",
            "rating": 5.0,
            "ingredients": [
                {
                    "amount": 168.0,
                    "unit": "g",
                    "ingredient": "mochiko flour",
                    "rating": 5.0,
                    "category": "Flour"
                },
                {
                    "amount": 168.0,
                    "unit": "g",
                    "ingredient": "sweet rice flour",
                    "rating": 5.0,
                    "category": "Flour"
                },
                {
                    "amount": 168.0,
                    "unit": "g",
                    "ingredient": "glutinous rice flour",
                    "rating": 5.0,
                    "category": "Flour"
                },
                {
                    "amount": 54.0,
                    "unit": "g",
                    "ingredient": "granulated sugar",
                    "rating": 5.0,
                    "category": "Sugar"
                },
                {
                    "amount": 240.0,
                    "unit": "ml",
                    "ingredient": "almond milk",
                    "rating": 5.0,
                    "category": "Liquids"
                },
                {
                    "amount": 240.0,
                    "unit": "ml",
                    "ingredient": "regular milk",
                    "rating": 5.0,
                    "category": "Liquids"
                },
                {
                    "amount": 240.0,
                    "unit": "ml",
                    "ingredient": "water",
                    "rating": 5.0,
                    "category": "Liquids"
                },
                {
                    "amount": 54.0,
                    "unit": "g",
                    "ingredient": "pistachio butter",
                    "rating": 5.0,
                    "category": "Butter"
                },
                {
                    "amount": 192.0,
                    "unit": "g",
                    "ingredient": "pastry cream",
                    "rating": 5.0,
                    "category": "Pastes"
                }
            ]
        },
        {
            "name": "Black Sesame",
            "rating": 5.0,
            "ingredients": [
                {
                    "amount": 105.0,
                    "unit": "g",
                    "ingredient": "black sesame flour",
                    "rating": 5.0,
                    "category": "Flour"
                },
                {
                    "amount": 210.0,
                    "unit": "g",
                    "ingredient": "mochiko flour",
                    "rating": 5.0,
                    "category": "Flour"
                },
                {
                    "amount": 210.0,
                    "unit": "g",
                    "ingredient": "sweet rice flour",
                    "rating": 5.0,
                    "category": "Flour"
                },
                {
                    "amount": 210.0,
                    "unit": "g",
                    "ingredient": "glutinous rice flour",
                    "rating": 5.0,
                    "category": "Flour"
                },
                {
                    "amount": 300.0,
                    "unit": "ml",
                    "ingredient": "almond milk or water",
                    "rating": 5.0,
                    "category": "Liquids"
                },
                {
                    "amount": 67.5,
                    "unit": "g",
                    "ingredient": "sugar of choice",
                    "rating": 5.0,
                    "category": "Sugar"
                },
                {
                    "amount": 52.5,
                    "unit": "g",
                    "ingredient": "corn starch",
                    "rating": 5.0,
                    "category": "Flour"
                },
                {
                    "amount": 52.5,
                    "unit": "g",
                    "ingredient": "potato starch",
                    "rating": 5.0,
                    "category": "Flour"
                },
                {
                    "amount": 52.5,
                    "unit": "g",
                    "ingredient": "tapioca starch",
                    "rating": 5.0,
                    "category": "Flour"
                },
                {
                    "amount": 504.0,
                    "unit": "g",
                    "ingredient": "ice cream of choice",
                    "rating": 5.0,
                    "category": "Pastes"
                }
            ]
        },
        {
            "name": "Purple Sweet Potato Mochi",
            "rating": 4.86,
            "ingredients": [
                {
                    "amount": 120.0,
                    "unit": "g",
                    "ingredient": "mashed purple sweet potato",
                    "rating": 4.86,
                    "category": "Solids"
                },
                {
                    "amount": 140.0,
                    "unit": "g",
                    "ingredient": "mochiko flour",
                    "rating": 4.86,
                    "category": "Flour"
                },
                {
                    "amount": 140.0,
                    "unit": "g",
                    "ingredient": "sweet rice flour",
                    "rating": 4.86,
                    "category": "Flour"
                },
                {
                    "amount": 140.0,
                    "unit": "g",
                    "ingredient": "glutinous rice flour",
                    "rating": 4.86,
                    "category": "Flour"
                },
                {
                    "amount": 200.0,
                    "unit": "ml",
                    "ingredient": "water",
                    "rating": 4.86,
                    "category": "Liquids"
                },
                {
                    "amount": 17.5,
                    "unit": "g",
                    "ingredient": "corn starch",
                    "rating": 4.86,
                    "category": "Flour"
                },
                {
                    "amount": 17.5,
                    "unit": "g",
                    "ingredient": "potato starch",
                    "rating": 4.86,
                    "category": "Flour"
                },
                {
                    "amount": 17.5,
                    "unit": "g",
                    "ingredient": "tapioca starch",
                    "rating": 4.86,
                    "category": "Flour"
                },
                {
                    "amount": 288.0,
                    "unit": "g",
                    "ingredient": "sweetened white bean paste",
                    "rating": 4.86,
                    "category": "Pastes"
                },
                {
                    "amount": 260.0,
                    "unit": "g",
                    "ingredient": "mashed purple sweet potato",
                    "rating": 4.86,
                    "category": "Solids"
                }
            ]
        },
        {
            "name": "Green Tea / Matcha (with a Twist",
            "rating": 5.0,
            "ingredients": [
                {
                    "amount": 377.99,
                    "unit": "g",
                    "ingredient": "applesauce",
                    "rating": 5.0,
                    "category": "Bindings"
                },
                {
                    "amount": 280.0,
                    "unit": "g",
                    "ingredient": "mochiko flour",
                    "rating": 5.0,
                    "category": "Flour"
                },
                {
                    "amount": 280.0,
                    "unit": "g",
                    "ingredient": "sweet rice flour",
                    "rating": 5.0,
                    "category": "Flour"
                },
                {
                    "amount": 280.0,
                    "unit": "g",
                    "ingredient": "glutinous rice flour",
                    "rating": 5.0,
                    "category": "Flour"
                },
                {
                    "amount": 3.33,
                    "unit": "g",
                    "ingredient": "matcha powder",
                    "rating": 5.0,
                    "category": "Powder"
                },
                {
                    "amount": 60.0,
                    "unit": "g",
                    "ingredient": "sugar of choice",
                    "rating": 5.0,
                    "category": "Sugar"
                },
                {
                    "amount": 70.0,
                    "unit": "g",
                    "ingredient": "corn starch",
                    "rating": 5.0,
                    "category": "Flour"
                },
                {
                    "amount": 70.0,
                    "unit": "g",
                    "ingredient": "potato starch",
                    "rating": 5.0,
                    "category": "Flour"
                },
                {
                    "amount": 70.0,
                    "unit": "g",
                    "ingredient": "tapioca starch",
                    "rating": 5.0,
                    "category": "Flour"
                },
                {
                    "amount": 720.0,
                    "unit": "g",
                    "ingredient": "ice cream of choice",
                    "rating": 5.0,
                    "category": "Pastes"
                }
            ]
        },
        {
            "name": "Almond Milk",
            "rating": 5.0,
            "ingredients": [
                {
                    "amount": 280.0,
                    "unit": "g",
                    "ingredient": "mochiko flour",
                    "rating": 5.0,
                    "category": "Flour"
                },
                {
                    "amount": 280.0,
                    "unit": "g",
                    "ingredient": "sweet rice flour",
                    "rating": 5.0,
                    "category": "Flour"
                },
                {
                    "amount": 280.0,
                    "unit": "g",
                    "ingredient": "glutinous rice flour",
                    "rating": 5.0,
                    "category": "Flour"
                },
                {
                    "amount": 320.0,
                    "unit": "ml",
                    "ingredient": "unsweetened almond milk",
                    "rating": 5.0,
                    "category": "Liquids"
                },
                {
                    "amount": 377.99,
                    "unit": "g",
                    "ingredient": "almond paste",
                    "rating": 5.0,
                    "category": "Pastes"
                }
            ]
        },
        {
            "name": "Crunchy Peanut Butter",
            "rating": 5.0,
            "ingredients": [
                {
                    "amount": 168.0,
                    "unit": "g",
                    "ingredient": "mochiko flour",
                    "rating": 5.0,
                    "category": "Flour"
                },
                {
                    "amount": 168.0,
                    "unit": "g",
                    "ingredient": "sweet rice flour",
                    "rating": 5.0,
                    "category": "Flour"
                },
                {
                    "amount": 168.0,
                    "unit": "g",
                    "ingredient": "glutinous rice flour",
                    "rating": 5.0,
                    "category": "Flour"
                },
                {
                    "amount": 54.0,
                    "unit": "g",
                    "ingredient": "granulated sugar",
                    "rating": 5.0,
                    "category": "Sugar"
                },
                {
                    "amount": 240.0,
                    "unit": "ml",
                    "ingredient": "almond milk",
                    "rating": 5.0,
                    "category": "Liquids"
                },
                {
                    "amount": 240.0,
                    "unit": "ml",
                    "ingredient": "regular milk",
                    "rating": 5.0,
                    "category": "Liquids"
                },
                {
                    "amount": 240.0,
                    "unit": "ml",
                    "ingredient": "water",
                    "rating": 5.0,
                    "category": "Liquids"
                },
                {
                    "amount": 54.0,
                    "unit": "g",
                    "ingredient": "creamy peanut butter",
                    "rating": 5.0,
                    "category": "Butter"
                },
                {
                    "amount": 108.0,
                    "unit": "g",
                    "ingredient": "crunchy peanut butter",
                    "rating": 5.0,
                    "category": "Butter"
                }
            ]
        },
        {
            "name": "Blueberry Mochi Ice Cream",
            "rating": 5.0,
            "ingredients": [
                {
                    "amount": 566.99,
                    "unit": "g",
                    "ingredient": "blueberries, pureed",
                    "rating": 5.0,
                    "category": "Bindings"
                },
                {
                    "amount": 280.0,
                    "unit": "g",
                    "ingredient": "mochiko flour",
                    "rating": 5.0,
                    "category": "Flour"
                },
                {
                    "amount": 280.0,
                    "unit": "g",
                    "ingredient": "sweet rice flour",
                    "rating": 5.0,
                    "category": "Flour"
                },
                {
                    "amount": 280.0,
                    "unit": "g",
                    "ingredient": "glutinous rice flour",
                    "rating": 5.0,
                    "category": "Flour"
                },
                {
                    "amount": 16.67,
                    "unit": "g",
                    "ingredient": "lemon juice",
                    "rating": 5.0,
                    "category": "Other_liquids"
                },
                {
                    "amount": 60.0,
                    "unit": "g",
                    "ingredient": "sugar of choice",
                    "rating": 5.0,
                    "category": "Sugar"
                },
                {
                    "amount": 70.0,
                    "unit": "g",
                    "ingredient": "corn starch",
                    "rating": 5.0,
                    "category": "Flour"
                },
                {
                    "amount": 70.0,
                    "unit": "g",
                    "ingredient": "potato starch",
                    "rating": 5.0,
                    "category": "Flour"
                },
                {
                    "amount": 70.0,
                    "unit": "g",
                    "ingredient": "tapioca starch",
                    "rating": 5.0,
                    "category": "Flour"
                },
                {
                    "amount": 720.0,
                    "unit": "g",
                    "ingredient": "ice cream of choice",
                    "rating": 5.0,
                    "category": "Pastes"
                }
            ]
        },
        {
            "name": "Mugwort Mochi",
            "rating": 4.8,
            "ingredients": [
                {
                    "amount": 210.0,
                    "unit": "g",
                    "ingredient": "mochiko flour",
                    "rating": 4.8,
                    "category": "Flour"
                },
                {
                    "amount": 210.0,
                    "unit": "g",
                    "ingredient": "sweet rice flour",
                    "rating": 4.8,
                    "category": "Flour"
                },
                {
                    "amount": 210.0,
                    "unit": "g",
                    "ingredient": "glutinous rice flour",
                    "rating": 4.8,
                    "category": "Flour"
                },
                {
                    "amount": 45.0,
                    "unit": "g",
                    "ingredient": "sugar or sweetener of choice",
                    "rating": 4.8,
                    "category": "Sugar"
                },
                {
                    "amount": 15.0,
                    "unit": "g",
                    "ingredient": "mugwort powder",
                    "rating": 4.8,
                    "category": "Powder"
                },
                {
                    "amount": 240.0,
                    "unit": "ml",
                    "ingredient": "water",
                    "rating": 4.8,
                    "category": "Liquids"
                },
                {
                    "amount": 270.0,
                    "unit": "g",
                    "ingredient": "sweetened red bean paste",
                    "rating": 4.8,
                    "category": "Pastes"
                },
                {
                    "amount": 202.5,
                    "unit": "g",
                    "ingredient": "roughly chopped walnuts",
                    "rating": 4.8,
                    "category": "Solids"
                }
            ]
        },
        {
            "name": "Pandan Mochi",
            "rating": 5.0,
            "ingredients": [
                {
                    "amount": 80.0,
                    "unit": "g",
                    "ingredient": "eggs ",
                    "rating": 5.0,
                    "category": "Bindings"
                },
                {
                    "amount": 150.0,
                    "unit": "ml",
                    "ingredient": "coconut milk",
                    "rating": 5.0,
                    "category": "Liquids"
                },
                {
                    "amount": 200.0,
                    "unit": "ml",
                    "ingredient": "milk ",
                    "rating": 5.0,
                    "category": "Liquids"
                },
                {
                    "amount": 2.08,
                    "unit": "g",
                    "ingredient": "vanilla extract",
                    "rating": 5.0,
                    "category": "Other_liquids"
                },
                {
                    "amount": 4.17,
                    "unit": "g",
                    "ingredient": "pandan essence",
                    "rating": 5.0,
                    "category": "Other_liquids"
                },
                {
                    "amount": 50.0,
                    "unit": "g",
                    "ingredient": "butter",
                    "rating": 5.0,
                    "category": "Butter"
                },
                {
                    "amount": 187.5,
                    "unit": "g",
                    "ingredient": "mochiko flour",
                    "rating": 5.0,
                    "category": "Flour"
                },
                {
                    "amount": 240.0,
                    "unit": "g",
                    "ingredient": "granulated sugar",
                    "rating": 5.0,
                    "category": "Sugar"
                },
                {
                    "amount": 2.5,
                    "unit": "g",
                    "ingredient": "baking powder",
                    "rating": 5.0,
                    "category": "Powder"
                },
                {
                    "amount": 1.25,
                    "unit": "g",
                    "ingredient": "salt",
                    "rating": 5.0,
                    "category": "Salt"
                }
            ]
        },
        {
            "name": "Black Sesame Mochi Muffins",
            "rating": 5.0,
            "ingredients": [
                {
                    "amount": 280.0,
                    "unit": "g",
                    "ingredient": "glutinous rice flour",
                    "rating": 5.0,
                    "category": "Flour"
                },
                {
                    "amount": 60.0,
                    "unit": "g",
                    "ingredient": "granulated sugar",
                    "rating": 5.0,
                    "category": "Sugar"
                },
                {
                    "amount": 60.0,
                    "unit": "g",
                    "ingredient": "light brown sugar",
                    "rating": 5.0,
                    "category": "Sugar"
                },
                {
                    "amount": 3.33,
                    "unit": "g",
                    "ingredient": "baking powder",
                    "rating": 5.0,
                    "category": "Powder"
                },
                {
                    "amount": 0.31,
                    "unit": "g",
                    "ingredient": "salt",
                    "rating": 5.0,
                    "category": "Salt"
                },
                {
                    "amount": 300.0,
                    "unit": "ml",
                    "ingredient": "coconut milk",
                    "rating": 5.0,
                    "category": "Liquids"
                },
                {
                    "amount": 10.0,
                    "unit": "g",
                    "ingredient": "sweet black sesame paste",
                    "rating": 5.0,
                    "category": "Pastes"
                },
                {
                    "amount": 4.17,
                    "unit": "g",
                    "ingredient": "vanilla essence",
                    "rating": 5.0,
                    "category": "Other_liquids"
                },
                {
                    "amount": 80.0,
                    "unit": "g",
                    "ingredient": "eggs",
                    "rating": 5.0,
                    "category": "Bindings"
                },
                {
                    "amount": 45.0,
                    "unit": "g",
                    "ingredient": "butter",
                    "rating": 5.0,
                    "category": "Butter"
                }
            ]
        },
        {
            "name": "Mango Mochi",
            "rating": 3.8,
            "ingredients": [
                {
                    "amount": 71.43,
                    "unit": "g",
                    "ingredient": "glutinous rice flour",
                    "rating": 3.8,
                    "category": "Flour"
                },
                {
                    "amount": 128.57,
                    "unit": "ml",
                    "ingredient": "water",
                    "rating": 3.8,
                    "category": "Liquids"
                },
                {
                    "amount": 35.71,
                    "unit": "g",
                    "ingredient": "white sugar",
                    "rating": 3.8,
                    "category": "Sugar"
                },
                {
                    "amount": 0.27,
                    "unit": "g",
                    "ingredient": "salt",
                    "rating": 3.8,
                    "category": "Salt"
                },
                {
                    "amount": 92.86,
                    "unit": "g",
                    "ingredient": "of mango jam",
                    "rating": 3.8,
                    "category": "Solids"
                }
            ]
        },
        {
            "name": "Matcha Mochi Waffles",
            "rating": 3.3,
            "ingredients": [
                {
                    "amount": 525.0,
                    "unit": "g",
                    "ingredient": "glutinous rice flour",
                    "rating": 3.3,
                    "category": "Flour"
                },
                {
                    "amount": 15.0,
                    "unit": "g",
                    "ingredient": "matcha powder",
                    "rating": 3.3,
                    "category": "Powder"
                },
                {
                    "amount": 180.0,
                    "unit": "g",
                    "ingredient": "granulated sugar",
                    "rating": 3.3,
                    "category": "Sugar"
                },
                {
                    "amount": 7.5,
                    "unit": "g",
                    "ingredient": "baking powder",
                    "rating": 3.3,
                    "category": "Powder"
                },
                {
                    "amount": 3.75,
                    "unit": "g",
                    "ingredient": "salt",
                    "rating": 3.3,
                    "category": "Salt"
                },
                {
                    "amount": 450.0,
                    "unit": "ml",
                    "ingredient": "milk of choice",
                    "rating": 3.3,
                    "category": "Liquids"
                },
                {
                    "amount": 120.0,
                    "unit": "g",
                    "ingredient": "eggs",
                    "rating": 3.3,
                    "category": "Bindings"
                },
                {
                    "amount": 6.25,
                    "unit": "g",
                    "ingredient": "vanilla extract",
                    "rating": 3.3,
                    "category": "Other_liquids"
                }
            ]
        },
        {
            "name": "Ube Baked Mochi Donuts",
            "rating": 3.5,
            "ingredients": [
                {
                    "amount": 150.0,
                    "unit": "g",
                    "ingredient": "glutinous rice flour ",
                    "rating": 3.5,
                    "category": "Flour"
                },
                {
                    "amount": 1.67,
                    "unit": "g",
                    "ingredient": "baking powder",
                    "rating": 3.5,
                    "category": "Powder"
                },
                {
                    "amount": 0.62,
                    "unit": "g",
                    "ingredient": "salt",
                    "rating": 3.5,
                    "category": "Salt"
                },
                {
                    "amount": 50.0,
                    "unit": "g",
                    "ingredient": "unsalted butter",
                    "rating": 3.5,
                    "category": "Butter"
                },
                {
                    "amount": 50.0,
                    "unit": "g",
                    "ingredient": "brown sugar",
                    "rating": 3.5,
                    "category": "Sugar"
                },
                {
                    "amount": 80.0,
                    "unit": "g",
                    "ingredient": "egg",
                    "rating": 3.5,
                    "category": "Bindings"
                },
                {
                    "amount": 166.67,
                    "unit": "g",
                    "ingredient": "milk",
                    "rating": 3.5,
                    "category": "Liquids"
                },
                {
                    "amount": 4.17,
                    "unit": "g",
                    "ingredient": "vanilla extract",
                    "rating": 3.5,
                    "category": "Other_liquids"
                },
                {
                    "amount": 200.0,
                    "unit": "g",
                    "ingredient": "white chocolate",
                    "rating": 3.5,
                    "category": "Solids"
                },
                {
                    "amount": 8.33,
                    "unit": "g",
                    "ingredient": "ube extract powder",
                    "rating": 3.5,
                    "category": "Other_liquids"
                },
                {
                    "amount": 8.33,
                    "unit": "g",
                    "ingredient": "vegetable oil",
                    "rating": 3.5,
                    "category": "Other_liquids"
                }
            ]
        },
        {
            "name": "Potato Mochi",
            "rating": 3.3,
            "ingredients": [
                {
                    "amount": 250.0,
                    "unit": "g",
                    "ingredient": "potato",
                    "rating": 3.3,
                    "category": "Solids"
                },
                {
                    "amount": 35.0,
                    "unit": "g",
                    "ingredient": "glutinous rice flour",
                    "rating": 3.3,
                    "category": "Flour"
                },
                {
                    "amount": 3.75,
                    "unit": "g",
                    "ingredient": "salt",
                    "rating": 3.3,
                    "category": "Salt"
                },
                {
                    "amount": 3.75,
                    "unit": "g",
                    "ingredient": "oil for shallow frying",
                    "rating": 3.3,
                    "category": "Oil for shallow frying"
                },
                {
                    "amount": 3.75,
                    "unit": "g",
                    "ingredient": "nori",
                    "rating": 3.3,
                    "category": "Nori"
                }
            ]
        },
        {
            "name": "Chocolate Mochi",
            "rating": 5.0,
            "ingredients": [
                {
                    "amount": 22.97,
                    "unit": "g",
                    "ingredient": "glutinous rice flour",
                    "rating": 5.0,
                    "category": "Flour"
                },
                {
                    "amount": 35.0,
                    "unit": "g",
                    "ingredient": "corn starch",
                    "rating": 5.0,
                    "category": "Flour"
                },
                {
                    "amount": 28.12,
                    "unit": "g",
                    "ingredient": "white sugar",
                    "rating": 5.0,
                    "category": "Sugar"
                },
                {
                    "amount": 1.25,
                    "unit": "g",
                    "ingredient": "unsweetened cocoa powder",
                    "rating": 5.0,
                    "category": "Powder"
                },
                {
                    "amount": 0.94,
                    "unit": "g",
                    "ingredient": "salt",
                    "rating": 5.0,
                    "category": "Salt"
                },
                {
                    "amount": 67.5,
                    "unit": "g",
                    "ingredient": "chocolate chips",
                    "rating": 5.0,
                    "category": "Solids"
                },
                {
                    "amount": 75.0,
                    "unit": "ml",
                    "ingredient": "milk",
                    "rating": 5.0,
                    "category": "Liquids"
                },
                {
                    "amount": 90.0,
                    "unit": "g",
                    "ingredient": "heavy whipping cream",
                    "rating": 5.0,
                    "category": "Pastes"
                }
            ]
        },
        {
            "name": "Ube Mochi Muffins",
            "rating": 3.5,
            "ingredients": [
                {
                    "amount": 280.0,
                    "unit": "g",
                    "ingredient": "glutinous rice flour",
                    "rating": 3.5,
                    "category": "Flour"
                },
                {
                    "amount": 60.0,
                    "unit": "g",
                    "ingredient": "granulated sugar",
                    "rating": 3.5,
                    "category": "Sugar"
                },
                {
                    "amount": 60.0,
                    "unit": "g",
                    "ingredient": "light brown sugar",
                    "rating": 3.5,
                    "category": "Sugar"
                },
                {
                    "amount": 3.33,
                    "unit": "g",
                    "ingredient": "baking powder",
                    "rating": 3.5,
                    "category": "Powder"
                },
                {
                    "amount": 0.31,
                    "unit": "g",
                    "ingredient": "salt",
                    "rating": 3.5,
                    "category": "Salt"
                },
                {
                    "amount": 300.0,
                    "unit": "ml",
                    "ingredient": "coconut milk",
                    "rating": 3.5,
                    "category": "Liquids"
                },
                {
                    "amount": 4.17,
                    "unit": "g",
                    "ingredient": "ube extract",
                    "rating": 3.5,
                    "category": "Other_liquids"
                },
                {
                    "amount": 80.0,
                    "unit": "g",
                    "ingredient": "eggs",
                    "rating": 3.5,
                    "category": "Bindings"
                },
                {
                    "amount": 45.0,
                    "unit": "g",
                    "ingredient": "butter",
                    "rating": 3.5,
                    "category": "Butter"
                }
            ]
        },
        {
            "name": "Biscoff Baked Mochi Donuts",
            "rating": 3.0,
            "ingredients": [
                {
                    "amount": 150.0,
                    "unit": "g",
                    "ingredient": "glutinous rice flour",
                    "rating": 3.0,
                    "category": "Flour"
                },
                {
                    "amount": 1.67,
                    "unit": "g",
                    "ingredient": "baking powder",
                    "rating": 3.0,
                    "category": "Powder"
                },
                {
                    "amount": 0.62,
                    "unit": "g",
                    "ingredient": "salt",
                    "rating": 3.0,
                    "category": "Salt"
                },
                {
                    "amount": 50.0,
                    "unit": "g",
                    "ingredient": "unsalted butter",
                    "rating": 3.0,
                    "category": "Butter"
                },
                {
                    "amount": 22.5,
                    "unit": "g",
                    "ingredient": "biscoff spread",
                    "rating": 3.0,
                    "category": "Butter"
                },
                {
                    "amount": 50.0,
                    "unit": "g",
                    "ingredient": "brown sugar",
                    "rating": 3.0,
                    "category": "Sugar"
                },
                {
                    "amount": 80.0,
                    "unit": "g",
                    "ingredient": "large egg",
                    "rating": 3.0,
                    "category": "Bindings"
                },
                {
                    "amount": 158.33,
                    "unit": "g",
                    "ingredient": "milk",
                    "rating": 3.0,
                    "category": "Liquids"
                },
                {
                    "amount": 4.17,
                    "unit": "g",
                    "ingredient": "vanilla extract",
                    "rating": 3.0,
                    "category": "Other_liquids"
                },
                {
                    "amount": 135.0,
                    "unit": "g",
                    "ingredient": "biscoff spread",
                    "rating": 3.0,
                    "category": "Butter"
                },
                {
                    "amount": 135.0,
                    "unit": "g",
                    "ingredient": "biscoff biscuits",
                    "rating": 3.0,
                    "category": "Biscoff Biscuits"
                }
            ]
        },
        {
            "name": "Nutella Mochi",
            "rating": 5.0,
            "ingredients": [
                {
                    "amount": 50.0,
                    "unit": "g",
                    "ingredient": "glutinous rice flour",
                    "rating": 5.0,
                    "category": "Flour"
                },
                {
                    "amount": 90.0,
                    "unit": "ml",
                    "ingredient": "water",
                    "rating": 5.0,
                    "category": "Liquids"
                },
                {
                    "amount": 25.0,
                    "unit": "g",
                    "ingredient": "sugar",
                    "rating": 5.0,
                    "category": "Sugar"
                },
                {
                    "amount": 0.19,
                    "unit": "g",
                    "ingredient": "salt",
                    "rating": 5.0,
                    "category": "Salt"
                },
                {
                    "amount": 0.19,
                    "unit": "g",
                    "ingredient": "nutella ",
                    "rating": 5.0,
                    "category": "Nutella "
                }
            ]
        },
        {
            "name": "Chocolate Mochi Cupcakes",
            "rating": 4.3,
            "ingredients": [
                {
                    "amount": 15.0,
                    "unit": "g",
                    "ingredient": "unsweetened cocoa powder",
                    "rating": 4.3,
                    "category": "Powder"
                },
                {
                    "amount": 0.38,
                    "unit": "g",
                    "ingredient": "salt",
                    "rating": 4.3,
                    "category": "Salt"
                },
                {
                    "amount": 190.0,
                    "unit": "g",
                    "ingredient": "glutinous rice flour",
                    "rating": 4.3,
                    "category": "Flour"
                },
                {
                    "amount": 1.67,
                    "unit": "g",
                    "ingredient": "baking powder",
                    "rating": 4.3,
                    "category": "Powder"
                },
                {
                    "amount": 22.5,
                    "unit": "g",
                    "ingredient": "melted butter",
                    "rating": 4.3,
                    "category": "Butter"
                },
                {
                    "amount": 200.0,
                    "unit": "ml",
                    "ingredient": "milk of choice",
                    "rating": 4.3,
                    "category": "Liquids"
                },
                {
                    "amount": 80.0,
                    "unit": "g",
                    "ingredient": "eggs",
                    "rating": 4.3,
                    "category": "Bindings"
                },
                {
                    "amount": 66.67,
                    "unit": "ml",
                    "ingredient": "sweetened condensed milk of choice",
                    "rating": 4.3,
                    "category": "Liquids"
                },
                {
                    "amount": 135.0,
                    "unit": "g",
                    "ingredient": "butter,",
                    "rating": 4.3,
                    "category": "Butter"
                },
                {
                    "amount": 600.0,
                    "unit": "g",
                    "ingredient": "powdered sugar",
                    "rating": 4.3,
                    "category": "Sugar"
                },
                {
                    "amount": 40.0,
                    "unit": "g",
                    "ingredient": "unsweetened cocoa powder",
                    "rating": 4.3,
                    "category": "Powder"
                },
                {
                    "amount": 50.0,
                    "unit": "ml",
                    "ingredient": "milk of choice",
                    "rating": 4.3,
                    "category": "Liquids"
                },
                {
                    "amount": 4.17,
                    "unit": "g",
                    "ingredient": "vanilla extract",
                    "rating": 4.3,
                    "category": "Other_liquids"
                }
            ]
        },
        {
            "name": "Matcha Mochi Muffins",
            "rating": 3.3,
            "ingredients": [
                {
                    "amount": 280.0,
                    "unit": "g",
                    "ingredient": "glutinous rice flour",
                    "rating": 3.3,
                    "category": "Flour"
                },
                {
                    "amount": 60.0,
                    "unit": "g",
                    "ingredient": "granulated sugar",
                    "rating": 3.3,
                    "category": "Sugar"
                },
                {
                    "amount": 60.0,
                    "unit": "g",
                    "ingredient": "light brown sugar",
                    "rating": 3.3,
                    "category": "Sugar"
                },
                {
                    "amount": 15.0,
                    "unit": "g",
                    "ingredient": "matcha powder",
                    "rating": 3.3,
                    "category": "Powder"
                },
                {
                    "amount": 90.0,
                    "unit": "g",
                    "ingredient": "white chocolate chips",
                    "rating": 3.3,
                    "category": "Solids"
                },
                {
                    "amount": 3.33,
                    "unit": "g",
                    "ingredient": "baking powder",
                    "rating": 3.3,
                    "category": "Powder"
                },
                {
                    "amount": 0.31,
                    "unit": "g",
                    "ingredient": "salt",
                    "rating": 3.3,
                    "category": "Salt"
                },
                {
                    "amount": 300.0,
                    "unit": "ml",
                    "ingredient": "coconut milk",
                    "rating": 3.3,
                    "category": "Liquids"
                },
                {
                    "amount": 80.0,
                    "unit": "g",
                    "ingredient": "eggs",
                    "rating": 3.3,
                    "category": "Bindings"
                },
                {
                    "amount": 45.0,
                    "unit": "g",
                    "ingredient": "butter",
                    "rating": 3.3,
                    "category": "Butter"
                },
                {
                    "amount": 4.17,
                    "unit": "g",
                    "ingredient": "vanilla extract",
                    "rating": 3.3,
                    "category": "Other_liquids"
                }
            ]
        },
        {
            "name": "Ube Butter Mochi",
            "rating": 3.8,
            "ingredients": [
                {
                    "amount": 80.0,
                    "unit": "g",
                    "ingredient": "eggs",
                    "rating": 3.8,
                    "category": "Bindings"
                },
                {
                    "amount": 200.0,
                    "unit": "ml",
                    "ingredient": "milk",
                    "rating": 3.8,
                    "category": "Liquids"
                },
                {
                    "amount": 150.0,
                    "unit": "ml",
                    "ingredient": "coconut milk",
                    "rating": 3.8,
                    "category": "Liquids"
                },
                {
                    "amount": 2.08,
                    "unit": "g",
                    "ingredient": "vanilla extract",
                    "rating": 3.8,
                    "category": "Other_liquids"
                },
                {
                    "amount": 4.17,
                    "unit": "g",
                    "ingredient": "ube extract",
                    "rating": 3.8,
                    "category": "Other_liquids"
                },
                {
                    "amount": 187.5,
                    "unit": "g",
                    "ingredient": "mochiko flour",
                    "rating": 3.8,
                    "category": "Flour"
                },
                {
                    "amount": 50.0,
                    "unit": "g",
                    "ingredient": "butter",
                    "rating": 3.8,
                    "category": "Butter"
                },
                {
                    "amount": 240.0,
                    "unit": "g",
                    "ingredient": "granulated sugar",
                    "rating": 3.8,
                    "category": "Sugar"
                },
                {
                    "amount": 2.5,
                    "unit": "g",
                    "ingredient": "baking powder",
                    "rating": 3.8,
                    "category": "Powder"
                },
                {
                    "amount": 1.25,
                    "unit": "g",
                    "ingredient": "salt",
                    "rating": 3.8,
                    "category": "Salt"
                }
            ]
        },
        {
            "name": "Mochi Waffle Recipe",
            "rating": 4.0,
            "ingredients": [
                {
                    "amount": 525.0,
                    "unit": "g",
                    "ingredient": "glutinous rice flour",
                    "rating": 4.0,
                    "category": "Flour"
                },
                {
                    "amount": 180.0,
                    "unit": "g",
                    "ingredient": "granulated sugar",
                    "rating": 4.0,
                    "category": "Sugar"
                },
                {
                    "amount": 7.5,
                    "unit": "g",
                    "ingredient": "baking powder",
                    "rating": 4.0,
                    "category": "Powder"
                },
                {
                    "amount": 3.75,
                    "unit": "g",
                    "ingredient": "salt",
                    "rating": 4.0,
                    "category": "Salt"
                },
                {
                    "amount": 450.0,
                    "unit": "ml",
                    "ingredient": "milk",
                    "rating": 4.0,
                    "category": "Liquids"
                },
                {
                    "amount": 120.0,
                    "unit": "g",
                    "ingredient": "eggs",
                    "rating": 4.0,
                    "category": "Bindings"
                },
                {
                    "amount": 6.25,
                    "unit": "g",
                    "ingredient": "vanilla extract",
                    "rating": 4.0,
                    "category": "Other_liquids"
                }
            ]
        },
        {
            "name": "Mochi Bread",
            "rating": 5.0,
            "ingredients": [
                {
                    "amount": 83.33,
                    "unit": "g",
                    "ingredient": "glutinous rice flour",
                    "rating": 5.0,
                    "category": "Flour"
                },
                {
                    "amount": 175.0,
                    "unit": "g",
                    "ingredient": "water",
                    "rating": 5.0,
                    "category": "Liquids"
                },
                {
                    "amount": 3.75,
                    "unit": "g",
                    "ingredient": "salt",
                    "rating": 5.0,
                    "category": "Salt"
                },
                {
                    "amount": 270.83,
                    "unit": "g",
                    "ingredient": "bread flour",
                    "rating": 5.0,
                    "category": "Flour"
                },
                {
                    "amount": 3.75,
                    "unit": "g",
                    "ingredient": "instant dry yeast",
                    "rating": 5.0,
                    "category": "Yeast"
                },
                {
                    "amount": 25.0,
                    "unit": "g",
                    "ingredient": "brown sugar",
                    "rating": 5.0,
                    "category": "Sugar"
                },
                {
                    "amount": 16.67,
                    "unit": "g",
                    "ingredient": "butter",
                    "rating": 5.0,
                    "category": "Butter"
                },
                {
                    "amount": 40.0,
                    "unit": "g",
                    "ingredient": "egg",
                    "rating": 5.0,
                    "category": "Bindings"
                },
                {
                    "amount": 12.5,
                    "unit": "ml",
                    "ingredient": "milk",
                    "rating": 5.0,
                    "category": "Liquids"
                }
            ]
        },
        {
            "name": "Chocolate Mochi Muffins",
            "rating": 4.7,
            "ingredients": [
                {
                    "amount": 280.0,
                    "unit": "g",
                    "ingredient": "glutinous rice flour",
                    "rating": 4.7,
                    "category": "Flour"
                },
                {
                    "amount": 60.0,
                    "unit": "g",
                    "ingredient": "light brown sugar",
                    "rating": 4.7,
                    "category": "Sugar"
                },
                {
                    "amount": 60.0,
                    "unit": "g",
                    "ingredient": "granulated sugar",
                    "rating": 4.7,
                    "category": "Sugar"
                },
                {
                    "amount": 3.33,
                    "unit": "g",
                    "ingredient": "baking powder",
                    "rating": 4.7,
                    "category": "Powder"
                },
                {
                    "amount": 15.0,
                    "unit": "g",
                    "ingredient": "unsweetened cocoa powder",
                    "rating": 4.7,
                    "category": "Powder"
                },
                {
                    "amount": 90.0,
                    "unit": "g",
                    "ingredient": "chocolate chips",
                    "rating": 4.7,
                    "category": "Solids"
                },
                {
                    "amount": 1.25,
                    "unit": "g",
                    "ingredient": "salt",
                    "rating": 4.7,
                    "category": "Salt"
                },
                {
                    "amount": 300.0,
                    "unit": "ml",
                    "ingredient": "coconut milk",
                    "rating": 4.7,
                    "category": "Liquids"
                },
                {
                    "amount": 80.0,
                    "unit": "g",
                    "ingredient": "eggs",
                    "rating": 4.7,
                    "category": "Bindings"
                },
                {
                    "amount": 45.0,
                    "unit": "g",
                    "ingredient": "butter",
                    "rating": 4.7,
                    "category": "Butter"
                },
                {
                    "amount": 4.17,
                    "unit": "g",
                    "ingredient": "vanilla extract",
                    "rating": 4.7,
                    "category": "Other_liquids"
                }
            ]
        },
        {
            "name": "Mochi Cookies",
            "rating": 5.0,
            "ingredients": [
                {
                    "amount": 45.45,
                    "unit": "g",
                    "ingredient": "unsalted butter",
                    "rating": 5.0,
                    "category": "Butter"
                },
                {
                    "amount": 45.45,
                    "unit": "g",
                    "ingredient": "brown sugar",
                    "rating": 5.0,
                    "category": "Sugar"
                },
                {
                    "amount": 21.82,
                    "unit": "g",
                    "ingredient": "egg",
                    "rating": 5.0,
                    "category": "Bindings"
                },
                {
                    "amount": 81.82,
                    "unit": "g",
                    "ingredient": "all purpose flour",
                    "rating": 5.0,
                    "category": "Flour"
                },
                {
                    "amount": 9.09,
                    "unit": "g",
                    "ingredient": "cocoa powder",
                    "rating": 5.0,
                    "category": "Powder"
                },
                {
                    "amount": 0.91,
                    "unit": "g",
                    "ingredient": "baking powder",
                    "rating": 5.0,
                    "category": "Powder"
                },
                {
                    "amount": 22.73,
                    "unit": "g",
                    "ingredient": "chocolate chips",
                    "rating": 5.0,
                    "category": "Solids"
                },
                {
                    "amount": 31.82,
                    "unit": "g",
                    "ingredient": "glutinous rice flour",
                    "rating": 5.0,
                    "category": "Flour"
                },
                {
                    "amount": 9.09,
                    "unit": "g",
                    "ingredient": "cornflour",
                    "rating": 5.0,
                    "category": "Flour"
                },
                {
                    "amount": 63.64,
                    "unit": "ml",
                    "ingredient": "milk",
                    "rating": 5.0,
                    "category": "Liquids"
                },
                {
                    "amount": 6.82,
                    "unit": "g",
                    "ingredient": "caster sugar",
                    "rating": 5.0,
                    "category": "Sugar"
                },
                {
                    "amount": 6.82,
                    "unit": "g",
                    "ingredient": "unsalted butter",
                    "rating": 5.0,
                    "category": "Butter"
                }
            ]
        },
        {
            "name": "Chocolate Mochi Donuts",
            "rating": 4.3,
            "ingredients": [
                {
                    "amount": 150.0,
                    "unit": "g",
                    "ingredient": "glutinous rice flour ",
                    "rating": 4.3,
                    "category": "Flour"
                },
                {
                    "amount": 1.67,
                    "unit": "g",
                    "ingredient": "baking powder",
                    "rating": 4.3,
                    "category": "Powder"
                },
                {
                    "amount": 0.62,
                    "unit": "g",
                    "ingredient": "salt",
                    "rating": 4.3,
                    "category": "Salt"
                },
                {
                    "amount": 50.0,
                    "unit": "g",
                    "ingredient": "unsalted butter",
                    "rating": 4.3,
                    "category": "Butter"
                },
                {
                    "amount": 50.0,
                    "unit": "g",
                    "ingredient": "brown sugar",
                    "rating": 4.3,
                    "category": "Sugar"
                },
                {
                    "amount": 80.0,
                    "unit": "g",
                    "ingredient": "large egg",
                    "rating": 4.3,
                    "category": "Bindings"
                },
                {
                    "amount": 166.67,
                    "unit": "g",
                    "ingredient": "milk",
                    "rating": 4.3,
                    "category": "Liquids"
                },
                {
                    "amount": 4.17,
                    "unit": "g",
                    "ingredient": "vanilla extract",
                    "rating": 4.3,
                    "category": "Other_liquids"
                },
                {
                    "amount": 200.0,
                    "unit": "g",
                    "ingredient": "white chocolate",
                    "rating": 4.3,
                    "category": "Solids"
                },
                {
                    "amount": 8.33,
                    "unit": "g",
                    "ingredient": "vegetable oil",
                    "rating": 4.3,
                    "category": "Other_liquids"
                },
                {
                    "amount": 30.0,
                    "unit": "g",
                    "ingredient": "crushed biscuits",
                    "rating": 4.3,
                    "category": "Biscuits"
                }
            ]
        },
        {
            "name": "Ube Mochi",
            "rating": 5.0,
            "ingredients": [
                {
                    "amount": 50.0,
                    "unit": "g",
                    "ingredient": "glutinous rice flour",
                    "rating": 5.0,
                    "category": "Flour"
                },
                {
                    "amount": 90.0,
                    "unit": "ml",
                    "ingredient": "water",
                    "rating": 5.0,
                    "category": "Liquids"
                },
                {
                    "amount": 25.0,
                    "unit": "g",
                    "ingredient": "sugar",
                    "rating": 5.0,
                    "category": "Sugar"
                },
                {
                    "amount": 0.62,
                    "unit": "g",
                    "ingredient": "ube extract",
                    "rating": 5.0,
                    "category": "Other_liquids"
                },
                {
                    "amount": 0.19,
                    "unit": "g",
                    "ingredient": "salt",
                    "rating": 5.0,
                    "category": "Salt"
                },
                {
                    "amount": 65.0,
                    "unit": "g",
                    "ingredient": "sweet red bean paste",
                    "rating": 5.0,
                    "category": "Pastes"
                }
            ]
        },
        {
            "name": "Matcha Baked Mochi Donuts",
            "rating": 3.3,
            "ingredients": [
                {
                    "amount": 150.0,
                    "unit": "g",
                    "ingredient": "glutinous rice flour ",
                    "rating": 3.3,
                    "category": "Flour"
                },
                {
                    "amount": 1.67,
                    "unit": "g",
                    "ingredient": "baking powder",
                    "rating": 3.3,
                    "category": "Powder"
                },
                {
                    "amount": 0.62,
                    "unit": "g",
                    "ingredient": "salt",
                    "rating": 3.3,
                    "category": "Salt"
                },
                {
                    "amount": 50.0,
                    "unit": "g",
                    "ingredient": "unsalted butter",
                    "rating": 3.3,
                    "category": "Butter"
                },
                {
                    "amount": 50.0,
                    "unit": "g",
                    "ingredient": "brown sugar",
                    "rating": 3.3,
                    "category": "Sugar"
                },
                {
                    "amount": 80.0,
                    "unit": "g",
                    "ingredient": "large egg",
                    "rating": 3.3,
                    "category": "Bindings"
                },
                {
                    "amount": 166.67,
                    "unit": "g",
                    "ingredient": "milk",
                    "rating": 3.3,
                    "category": "Liquids"
                },
                {
                    "amount": 4.17,
                    "unit": "g",
                    "ingredient": "vanilla extract",
                    "rating": 3.3,
                    "category": "Other_liquids"
                },
                {
                    "amount": 200.0,
                    "unit": "g",
                    "ingredient": "white chocolate",
                    "rating": 3.3,
                    "category": "Solids"
                },
                {
                    "amount": 5.0,
                    "unit": "g",
                    "ingredient": "matcha powder",
                    "rating": 3.3,
                    "category": "Powder"
                },
                {
                    "amount": 8.33,
                    "unit": "g",
                    "ingredient": "vegetable oil",
                    "rating": 3.3,
                    "category": "Other_liquids"
                }
            ]
        },
        {
            "name": "Mochi Pancakes",
            "rating": 5.0,
            "ingredients": [
                {
                    "amount": 120.0,
                    "unit": "g",
                    "ingredient": "glutinous rice flour",
                    "rating": 5.0,
                    "category": "Flour"
                },
                {
                    "amount": 120.0,
                    "unit": "g",
                    "ingredient": "all-purpose flour",
                    "rating": 5.0,
                    "category": "Flour"
                },
                {
                    "amount": 51.43,
                    "unit": "g",
                    "ingredient": "granulated sugar",
                    "rating": 5.0,
                    "category": "Sugar"
                },
                {
                    "amount": 2.86,
                    "unit": "g",
                    "ingredient": "baking powder",
                    "rating": 5.0,
                    "category": "Powder"
                },
                {
                    "amount": 1.07,
                    "unit": "g",
                    "ingredient": "salt",
                    "rating": 5.0,
                    "category": "Salt"
                },
                {
                    "amount": 214.29,
                    "unit": "ml",
                    "ingredient": "milk",
                    "rating": 5.0,
                    "category": "Liquids"
                },
                {
                    "amount": 68.57,
                    "unit": "g",
                    "ingredient": "eggs",
                    "rating": 5.0,
                    "category": "Bindings"
                },
                {
                    "amount": 19.29,
                    "unit": "g",
                    "ingredient": "butter",
                    "rating": 5.0,
                    "category": "Butter"
                },
                {
                    "amount": 5.36,
                    "unit": "g",
                    "ingredient": "vanilla extract",
                    "rating": 5.0,
                    "category": "Other_liquids"
                }
            ]
        },
        {
            "name": "Pandan Donuts",
            "rating": 3.8,
            "ingredients": [
                {
                    "amount": 150.0,
                    "unit": "g",
                    "ingredient": "glutinous rice flour",
                    "rating": 3.8,
                    "category": "Flour"
                },
                {
                    "amount": 1.67,
                    "unit": "g",
                    "ingredient": "baking powder",
                    "rating": 3.8,
                    "category": "Powder"
                },
                {
                    "amount": 0.62,
                    "unit": "g",
                    "ingredient": "salt",
                    "rating": 3.8,
                    "category": "Salt"
                },
                {
                    "amount": 50.0,
                    "unit": "g",
                    "ingredient": "unsalted butter",
                    "rating": 3.8,
                    "category": "Butter"
                },
                {
                    "amount": 50.0,
                    "unit": "g",
                    "ingredient": "brown sugar",
                    "rating": 3.8,
                    "category": "Sugar"
                },
                {
                    "amount": 80.0,
                    "unit": "g",
                    "ingredient": "egg",
                    "rating": 3.8,
                    "category": "Bindings"
                },
                {
                    "amount": 166.67,
                    "unit": "ml",
                    "ingredient": "milk",
                    "rating": 3.8,
                    "category": "Liquids"
                },
                {
                    "amount": 8.33,
                    "unit": "g",
                    "ingredient": "pandan extract",
                    "rating": 3.8,
                    "category": "Other_liquids"
                },
                {
                    "amount": 4.17,
                    "unit": "g",
                    "ingredient": "vanilla extract",
                    "rating": 3.8,
                    "category": "Other_liquids"
                },
                {
                    "amount": 200.0,
                    "unit": "g",
                    "ingredient": "white chocolate",
                    "rating": 3.8,
                    "category": "Solids"
                },
                {
                    "amount": 8.33,
                    "unit": "g",
                    "ingredient": "vegetable oil",
                    "rating": 3.8,
                    "category": "Other_liquids"
                }
            ]
        },
        {
            "name": "Milk Rice Cake",
            "rating": 4.75,
            "ingredients": [
                {
                    "amount": 16.41,
                    "unit": "g",
                    "ingredient": "glutinous rice flour",
                    "rating": 4.75,
                    "category": "Flour"
                },
                {
                    "amount": 35.0,
                    "unit": "g",
                    "ingredient": "potato starch",
                    "rating": 4.75,
                    "category": "Flour"
                },
                {
                    "amount": 33.75,
                    "unit": "g",
                    "ingredient": "sugar",
                    "rating": 4.75,
                    "category": "Sugar"
                },
                {
                    "amount": 0.94,
                    "unit": "g",
                    "ingredient": "salt",
                    "rating": 4.75,
                    "category": "Salt"
                },
                {
                    "amount": 150.0,
                    "unit": "ml",
                    "ingredient": "milk",
                    "rating": 4.75,
                    "category": "Liquids"
                }
            ]
        }
    ]
}